REF;PRECIO;PVPR;DESCRIPCION
25119;24.95;49.9;ANIMALES SELVA 9 UDS
25123;20.95;41.9;ANIMALES SELVA 7 UDS
25126;19.45;38.9;ANIMALES BOSQUE 8 UDS
25137;31.45;62.9;ANIMALES SALVAJES+BEBES 12 UDS
25140;69.0;138.0;ANIMALES GRANJA-SALVAJES 30UDS
25610;23.45;46.9;ANIMALES DINOSAURIOS 12 UDS
26309;6.25;12.5;JUEGO RAQUETAS COLOR+PELOTA
27361;8.95;17.9;MAXICHAIN  24 PCS
27350;17.45;34.9;FAMILIA DE PIEL CLARA
27351;17.45;34.9;FAMILIA DE PIEL OSCURA
27352;17.45;34.9;FAMILIA DE PIEL INTERMEDIA
27353;17.45;34.9;FAMILIA DE PIEL MORENA
27354;17.45;34.9;FAMILIA DIVERSA
27355;24.95;49.9;SET DE FIGURAS DE OFICIOS
27356;18.45;36.9;SET FIG C/DIVERSIDAD FUNCIONAL
27370;9.95;19.9;VEHICULOS 72 CONTADORES
27375;7.95;15.9;4 BANDEJAS CLASIFICACION
27388;32.45;64.9;FIGURAS OFICIOS 11 UDS
27389;23.95;47.9;FIGUR CON DIVERSIDAD FUNCIONAL
27390;24.95;49.9;FAMILIAS DEL MUNDO DIVERSAS
27395;22.95;45.9;FAMILIA EUROPEA 8 UDS
27396;22.95;45.9;FAMILIA AFRICANA 8 UDS
27397;22.95;45.9;FAMILIA ASIATICA 8 UDS
27398;22.95;45.9;FAMILIA LATINOAMERICANA 8 UDS
27420;23.95;47.9;ANIMALES GRANJA 11 UDS
27430;20.95;41.9;ANIMALES GRANJA  BEBES 10 UDS
27460;19.45;38.9;ANIMALES MARINOS 8  UDS
27469;22.95;45.9;MINIMOBIL DUMPY 6 UDS
27470;9.95;19.9;MINIMOBIL 9CM 9 UDS
27471;32.9;65.8;MINIMOBIL 9 CM 36 UDS
27480;8.9;17.8;ANIMALES INSECTOS 12 UDS
27487;24.95;49.9;MINIMOBIL GO&JOB 12 CM 10 UDS
29005;11.95;23.9;SET 4 CUBOS ESPECIALES
29014;6.95;13.9;SET 4 CUBOS BEBE
29015;1.99;3.98;SET 4 PALAS BEBE
29016;1.99;3.98;SET 4 RASTRILLOS BEBE
29017;1.99;3.98;SET 4 PALAS HARINERAS BEBE
29030;2.75;5.5;SET 4 PALETAS
29031;2.75;5.5;SET 4 LLANAS
29035;3.95;7.9;SET 4 PALAS HARINERAS
29038;2.5;5.0;SET 4 PALAS
29039;2.5;5.0;SET 4 RASTRILLO
29040;3.45;6.9;SET 4 CEDAZOS
29083;7.45;14.9;SET 4 PALAS SUPER
29084;7.45;14.9;SET 4 RASTRILLOS SUPER
30581;10.95;21.9;FRUTAS 15 PCS
30582;12.95;25.9;HORTALIZAS 11 PCS
30583;12.95;25.9;REPOSTERIA 15 PCS
30584;8.65;17.3;FIAMBRE 16 PCS
30596;15.95;31.9;ALIMENTOS ENVASADOS 12 PCS
30811;28.45;56.9;FRUTAS-HORTALIZ-FRUTOS SECOS
30815;31.5;63.0;COMIDA RAPIDA 52 PCS
31001;13.45;26.9;MUÑECO RECIEN NAC CAUCASICO 40
31002;13.45;26.9;MUÑECA RECIEN NAC CAUCASICA 40
31003;13.45;26.9;MUÑECO RECIEN NAC AFRICANO 40
31004;13.45;26.9;MUÑECA RECIEN NAC AFRICANA 40
31005;13.45;26.9;MUÑECO RECIEN NAC ASIATICO 40
31006;13.45;26.9;MUÑECA RECIEN NAC ASIATICA 40
31007;13.45;26.9;MUÑECO RECIEN NAC LATINO 40
31008;13.45;26.9;MUÑECA RECIEN NAC LATINA 40
31031;10.45;20.9;MUÑECO BEBE CAUCASICO 32 CM
31032;10.45;20.9;MUÑECA BEBE CAUCASICA 32 CM
31033;10.45;20.9;MUÑECO BEBE AFRICANO 32 CM
31034;10.45;20.9;MUÑECA BEBE AFRICANA 32 CM
31035;10.45;20.9;MUÑECO BEBE ASIATICO 32 CM
31036;10.45;20.9;MUÑECA BEBE ASIATICA 32 CM
31037;10.45;20.9;MUÑECO BB LATINOAMERICANO 32CM
31038;10.45;20.9;MUÑECA BB LATINOAMERICANA 32CM
31049;14.45;28.9;BABY PELIRROJO NIÑO 38cm
31050;14.45;28.9;MUÑ BB CAUCASICA PELIRROJA 38
31051;14.45;28.9;MUÑECO BEBE CAUCASICO 38 CM
31052;14.45;28.9;MUÑECA BEBE CAUCASICA 38 CM
31053;14.45;28.9;MUÑECO BEBE AFRICANO 38 CM
31054;14.45;28.9;MUÑECA BEBE AFRICANA 38 CM
31055;14.45;28.9;MUÑECO BEBE ASIATICO 38 CM
31056;14.45;28.9;MUÑECA BEBE ASIATICA 38 CM
31057;14.45;28.9;MUÑECO BB LATINOAMERICANO 38CM
31058;14.45;28.9;MUÑECA BB LATINOAMERICANA 38CM
31068;14.45;28.9;MUÑEC BB CAUCASICO SIND DOWN38
31069;14.45;28.9;MUÑEC BB AFRICANA SIND DOWN 38
31089;14.45;28.9;MUÑEC BB AFRICANO SIND DOWN 38
31100;9.95;19.9;BAÑERA DOLLS
31110;15.45;30.9;MUÑ SD CAUCASICA C/GAFAS 38 B
31116;15.45;30.9;MUÑ LATINO ÑO C/IMPLANTE 38 BO
31141;7.45;14.9;MUÑECO BEBE CAUCASICO 21 CM
31142;7.45;14.9;MUÑECA BEBE CAUCASICA 21 CM
31143;7.45;14.9;MUÑECO BEBE AFRICANO 21 CM
31144;7.45;14.9;MUÑECA BEBE AFRICANA 21 CM
31145;7.45;14.9;MUÑECO BEBE ASIATICO 21 CM
31146;7.45;14.9;MUÑECA BEBE ASIATICA 21 CM
31147;7.45;14.9;MUÑECO BB LATINOAMERICANO 21CM
31148;7.45;14.9;MUÑECA BB LATINOAMERICANA 21CM
31183;22.45;44.9;SILLAS DE RUEDAS DOLLS
31185;22.45;44.9;CARRITO MADERA DOLLS FSC 100%
31190;4.95;9.9;ZAPATOS 21 CM
31192;4.95;9.9;ZAPATOS 38 CM
31194;14.95;29.9;PERCHERO MADERA DOLLS FSC 100%
31195;16.95;33.9;CESTO PORTABEBES  ALGODON
31196;29.95;59.9;CESTO PORTABEBES ALGAS
31197;7.95;15.9;MANTA ARRULLO TERRA
31198;7.95;15.9;MANTA ARRULLO AQUA
31210;2.95;5.9;GAFAS TURQUESA
31211;2.95;5.9;GAFAS TERRACOTTA
31220;6.95;13.9;PIJAMA BEIGE
31221;6.95;13.9;ACCESORIO BEBE  SAQUITO
31222;6.95;13.9;PIJAMA 2 PCS GRIS
31223;6.95;13.9;ACCESORIO BEBE MOCHILA
31224;6.95;13.9;BODY ACCESORIOS CANASTILLA
31225;6.95;13.9;ACCESORIO BEBE TOALLA
31228;15.45;30.9;MUÑECA CAUCÁSICA RUBIA OSCURO CON VITÍLIGO 38CM
31236;14.45;28.9;MUÑECA ASIATICA SIND DOWN38/BO
31362;14.45;28.9;MUÑECO CAUCASIC BLAND 32CM/EST
31364;14.45;28.9;MUÑECO AFRICAN BLANDO 32CM/EST
31366;14.45;28.9;MUÑECO ASIATIC BLAND 32 CM/EST
31368;14.45;28.9;MUÑECO LATINO BLAND 32 CM/EST
31520;4.45;8.9;CAMISETA Y BRAGUITA 38 CM
31533;7.95;15.9;Traje Cientifico 38 cm
31534;7.95;15.9;Traje Cocinero 38 cm
31535;7.95;15.9;Traje Astronauta 38 cm
31536;7.95;15.9;Traje Artista 38 cm
31537;7.95;15.9;Traje Granjero 38 cm
31538;7.95;15.9;Traje Bombero 38 cm
31539;39.95;79.9;Set 6 conjuntos oficios 38 cm
31563;7.95;15.9;CONJUNTO CHICO DUNE 38CM
31564;7.95;15.9;CONJUNTO CHICA DUNE  38CM
31565;7.95;15.9;CONJUNTO CHICO FOREST 38CM
31566;7.95;15.9;CONJUNTO CHICA FOREST 38CM
31567;7.95;15.9;CONJUNTO CHICO SEA 38CM
31568;7.95;15.9;CONJUNTO CHICA SEA 38CM
31571;4.45;8.9;PIJAMA MARRÓN CON GORRO PARA MUÑECO DE 21 CM
31572;4.45;8.9;PIJAMA BLANCO CON GORRO PARA MUÑECO DE 21 CM
31573;4.45;8.9;PETO Y CAMISETA DE VERANO PARA MUÑECO DE 21 CM
31574;4.45;8.9;VESTIDO DE VERANO PARA MUÑECO DE 21 CM
31575;4.45;8.9;CAMISETA Y PANTALÓN INVIERNO PARA MUÑECO DE 21 CM
31576;4.45;8.9;PETO Y CAMISETA DE INVIERNO PARA MUÑECO DE 21 CM
31577;5.95;11.9;PIJAMA VERDE CON GORRO PARA MUÑECO DE 32 CM
31578;5.95;11.9;PIJAMA ROSA CON GORRO PARA MUÑECO DE 32 CM
31579;5.95;11.9;CAMISETA Y PANTALÓN DE VERANO PARA MUÑECO DE 32CM
31580;5.95;11.9;PETO Y BLUSA DE VERANO PARA MUÑECO DE 32 CM
31581;5.95;11.9;CHAQUETA Y PANTALÓN INVIERNO PARA MUÑECO DE 32 CM
31582;5.95;11.9;VESTIDO DE INVIERNO PARA MUÑECO DE 32 CM
31583;7.95;15.9;PIJAMA BEIGE CON GORRO PARA MUÑECO DE 38 CM
31584;7.95;15.9;PIJAMA ROSA CON GORRO PARA MUÑECO DE 38 CM
31585;7.95;15.9;CAMISETA Y PANTALÓN DE VERANO PARA MUÑECO DE 38CM
31586;7.95;15.9;BLUSA Y PANTALÓN DE VERANO PARA MUÑECO DE 38 CM
31587;7.95;15.9;JERSEY Y PANTALÓN DE INVIERNO PARA MUÑECO DE 38CM
31588;7.95;15.9;VESTIDO Y CAMISETA DE INVIERNO PARA MUÑECO DE 38CM
31600;9.45;18.9;PIJAMA PUNTO 21cm - MOD1
31601;9.45;18.9;PIJAMA PUNTO 21cm - MOD2
31602;10.95;21.9;PIJAMA PUNTO 32cm - MOD1
31603;10.95;21.9;PIJAMA PUNTO 32cm - MOD2
31604;11.95;23.9;PIJAMA PUNTO 38cm - MOD1
31605;11.95;23.9;PIJAMA PUNTO 38cm - MOD2
31606;12.45;24.9;PIJAMA PUNTO 40cm - MOD1
31607;12.45;24.9;PIJAMA PUNTO 40cm - MOD2
31627;4.75;9.5;CAMISETA Y BRAGUITA 32 CM
31647;7.45;14.9;CONJUNTO CHICO DUNE 32 CM
31648;7.45;14.9;CONJUNTO CHICA DUNE 32 CM
31649;7.45;14.9;CONJUNTO CHICO FOREST 32CM
31650;7.45;14.9;CONJUNTO CHICA FOREST 32CM
31651;7.45;14.9;CONJUNTO CHICO SEA 32 CM
31652;7.45;14.9;CONJUNTO CHICA SEA 32 CM
31653;10.45;20.9;CONJ PUNTO 32CM VESTIDO&DIADEM
31654;10.45;20.9;CONJ PUNTO 32CM PICHI &CAPOTA
31655;10.45;20.9;CONJ PUNTO 32CM PELELE & GORRO
31656;10.45;20.9;CONJ PUNTO 32CM JERSEY&PANTALO
31657;12.95;25.9;CONJ PUNTO 40CM VESTIDO&GORRO
31658;12.95;25.9;COMJ PUNTO 40CM PELELE &CAPOTA
31659;12.95;25.9;CONJ PUNTO 40CM JERSEY&PANTALO
31660;12.95;25.9;CONJ PUNTO 40CM PETO & GORRO
31665;6.45;12.9;CONJUNTO CHICO DUNE 21 CM
31666;6.45;12.9;CONJUNTO CHICA DUNE 21 CM
31667;6.45;12.9;CONJUNTO CHICO FOREST 21 CM
31668;6.45;12.9;CONJUNTO CHICA FOREST 21 CM
31669;6.45;12.9;CONJUNTO CHICO SEA 21 CM
31670;6.45;12.9;CONJUNTO CHICA SEA 21 CM
31683;9.45;18.9;CONJ PUNTO 21CM VESTID&DIADEMA
31684;9.45;18.9;CONJ PUNTO 21CM PELELE & GORRO
31685;9.45;18.9;CONJ PUNTO 21CM PELELE&DIADEMA
31686;9.45;18.9;CONJ PUNTO 21CM JERSEY&PANTALO
31687;11.95;23.9;CONJ PUNTO 38CM VESTIDO&DIADEM
31688;11.95;23.9;CONJ PUNTO 38CM PELELE & GORRO
31689;11.95;23.9;CONJ PUNTO 38CM PETO & GORRO
31690;11.95;23.9;CONJ PUNTO 38CM JERSEY&PANTALO
31696;4.45;8.9;CAMISETA Y BRAGUITAS 21 CM
31711;7.95;15.9;CADENAS 60 PCS
31712;12.45;24.9;CADENAS 120 PCS
31715;12.45;24.9;BOTONES ENSARTABLES 140 PCS
31721;8.95;17.9;TORNILLOS Y TUERCAS 48 PCS
31727;7.95;15.9;SET 12 TANGRAMS
31730;8.95;17.9;BOLAS ENSARTABLES 100 PCS 20MM
31745;18.45;36.9;FORM.ENSARTABLES 60 PCS 35MM
31752;14.95;29.9;FORM.ENSARTABLES 100 PCS
31759;19.95;39.9;ACTIVITY TORNILLOS Y TUERCAS
31765;11.45;22.9;TIRAS DE FRACCIONES
31769;4.95;9.9;AGUJAS PARA CORDONES
31771;1.3;2.6;MADEJA 10 CORDONES 1 M
31781;27.45;54.9;THE ROCKET 10
31782;7.45;14.9;SET 16 PINZAS
31783;7.95;15.9;ACTIVITY SHAPES
31785;33.45;66.9;ACTIVITY PINS
31788;17.95;35.9;SORTING CLOTHES HANGER
31791;6.45;12.9;ACTIVITY BUTTONS
31803;2.1;4.2;PEGS 20MM PACK 6MOD.PRIMARY C.
31804;9.95;19.9;PEGS 10 MM 240 PCS. PRIMARY C.
31805;9.95;19.9;PEGS 15 MM 160 PCS. PRIMARY C.
31806;9.95;19.9;PEGS 20 MM 100 PCS. PRIMARY C.
31810;19.95;39.9;PEGS 10 MM 2600 PCS.PRIMARY C.
31815;19.95;39.9;PEGS 15 MM 1300 PCS.PRIMARY C.
31820;19.95;39.9;PEGS 20 MM 650 PCS.PRIMARY C.
31825;9.95;19.9;PEGS 6 PLACAS BLANCAS
31830;14.95;29.9;PEGS 6 PLACAS TRANSPARENTES
31832;2.1;4.2;PEGS 10MM PACK 6MOD.PRIMARY C.
31834;2.1;4.2;PEGS 15MM PACK 6MOD.PRIMARY C.
31847;19.95;39.9;PEGS 10MM 2600 PCS. BRIGHT C.
31848;19.95;39.9;PEGS 15 MM 1300 PCS. BRIGHT C.
31849;19.95;39.9;PEGS 20 MM 650 PCS. BRIGHT C.
31862;2.1;4.2;PEGS 10MM PACK 6 MOD.BRIGHT C.
31863;2.1;4.2;PEGS 15 MM PACK 6 MOD.BIGHT C.
31864;2.1;4.2;PEGS 20 MM PACK 6 MOD.BRIGHT C
31875;19.95;39.9;ABECEDARIO
31898;24.95;49.9;MINDFUL KIDS
31899;7.45;14.9;Spin & Chill
31902;16.45;32.9;ACTIVITY EURO TRAY
31908;13.95;27.9;SET EURO:28 BILLETES+80MONEDAS
31920;16.95;33.9;PAIRGAME PRIMEROS APRENDIZAJES
31925;16.95;33.9;MEMO GAME-VALUES EDUCATION
31966;9.95;19.9;LEAR SEQUENC:LITTLE STOR 3-4AÑ
31968;9.95;19.9;LEARN SEQUENCES:HYGIENE HABITS
31977;27.45;54.9;ABC MONSTER
31978;19.95;39.9;SEND A MESSAGE
32110;44.0;88.0;CONEXIÓN:150 PCS
32123;23.0;46.0;CONEXIÓN:SET PRISMAS
32131;51.0;99.0;CONEXIÓN:236 PCS
32149;22.95;45.9;ECO MATH CONNECTABLE BEARS
32158;9.95;19.9;ECO ACTIVITY 123 ABC
32159;33.95;67.9;ECO SUPER KIM BLOC 40 PCS
32160;7.95;15.9;TRANSLUCENT MATH COLOR RINGS
32161;9.95;19.9;TRANSLUCENT MATH TURTLES
32163;7.45;14.9;TRANSLUCENT TANGRAM
32164;9.95;19.9;TRANSLUCENT GEOMETRY SHAPES
32165;8.95;17.9;TRANSLUCENT ACTIVITY FIGURES
32166;9.95;19.9;TRANSLUCENT SORT&COUNT ABACOLO
32167;17.95;35.9;TRANSLUCENT CONEXION
32168;13.45;26.9;TRANSLUCENT TRAYS
32169;16.95;33.9;TRANSLUCENT LETRAS MAYUSCULAS
32170;15.95;31.9;TRANSLUCENT LETRAS MINISCULAS
32171;10.45;20.9;TRANSLUCENT GEMAS CONTADORES
32173;12.45;24.9;TRANSLUCENT PALETINAS COLORES
32174;22.95;45.9;TRANSLUCENT PIRAMIDE APILABLE
32176;16.95;33.9;TRANSLUCENT DISCOS
32177;14.95;29.9;TRANSLUCENT BLOCKS 55 PCS
32182;9.95;19.9;TRANSLUCENT PINZAS COLORES
32210;18.95;37.9;BUNI  74 PCS
32220;25.95;51.9;BUNI SUPER 36 PCS
32240;9.95;19.9;ECO MAXICHAIN  16 PCS
32250;12.45;24.9;ECO BEAMS BUILDING SET
32251;6.95;13.9;ECO CHAINS  48 PCS
32254;12.45;24.9;ECO MINIMOBIL 12 CM 5 UDS
32255;7.45;14.9;ECO ACTIVITY NUTS & BOLTS
32256;11.45;22.9;ECO ACTIVITY PINS
32257;8.45;16.9;ECO ACTIVITY SHAPES
32260;3.95;7.9;ECO SET ARENA BEBE WARM
32261;5.95;11.9;ECO SET ARENA JUNIOR WARM
32262;4.95;9.9;ECO SET PALA+RASTRILLO SUPER WARM
32263;3.95;7.9;ECO SET 4 MOLDES ARENA WARM
32264;3.95;7.9;ECO SET ARENA BEBE COOL
32265;5.95;11.9;ECO SET ARENA JUNIOR COOL
32266;4.95;9.9;ECO SET PALA+RASTRILLO SUPER COOL
32267;3.95;7.9;ECO SET 4 MOLDES ARENA COOL
32268;3.95;7.9;ECO Set arena construcción
32269;2.95;5.9;ECO Rodillo de arena: Carretera
32270;2.95;5.9;ECO Rodillo de arena: Vías de tren
32271;3.95;7.9;ECO Regadera
32272;6.95;13.9;ECO Juego de raquetas con pelota
32310;14.95;29.9;BLOCKS 120 PCS
32338;43.95;87.9;SUPER BLOCKS 96 PCS
32345;29.95;59.9;SUPER BLOCKS RACING 70 PCS
32350;9.95;19.9;EMOTIBLOCKS
32365;24.95;49.9;FAMILY DIVERSITY BLOCKS
32470;26.45;52.9;SUPER KIM BLOC 40 PCS
32657;21.95;43.9;ACTIVITY MECANIKO 191 PCS
33000;10.95;21.9;MUÑECO CAUCÁSICO 21CM MF&M
33001;10.95;21.9;MUÑECA CAUCÁSICA 21CM MF&M
33002;10.95;21.9;MUÑECO AFRICANO 21CM MF&M
33003;10.95;21.9;MUÑECA AFRICANA 21CM MF&M
33004;10.95;21.9;MUÑECA ASIÁTICA 21CM MF&M
33005;10.95;21.9;MUÑECO LATINO 21CM MF&M
33006;65.0;130.0;SET 6 MUÑECOS 21 CM MF&M
33053;130.0;260.0;DISPLAY MYFRIENDS&ME 21CM 12 UDS
33200;22.45;44.9;MUÑECA I.COCLEAR 38CMMYFRIENDS
33201;22.45;44.9;MUÑECO RUBIO 38CMMYFRIENDS&ME
33202;22.45;44.9;MUÑECA VITÍLIGO 38CMMYFRIENDS&
33203;22.45;44.9;MUÑECA PELIRROJA 38CMMYFRIENDS
33204;22.45;44.9;MUÑECA ASIÁTICA 38CMMYFRIENDS&
33205;22.45;44.9;MUÑECO AFRICANO 38CMMYFRIENDS&
33206;22.45;44.9;MUÑECA CON SD 38CMMYFRIENDS&ME
33207;22.45;44.9;MUÑECA AFRICANA 38CMMYFRIENDS&
33208;22.45;44.9;MUÑECA RUBIA 38CMMYFRIENDS&ME
33209;22.45;44.9;MUÑECO CASTAÑO 38CMMYFRIENDS&M
33210;22.45;44.9;MUÑECA LATINA 38CMMYFRIENDS&ME
33211;22.45;44.9;MUÑECA CASTAÑA 38CMMYFRIENDS&M
33104;10.45;20.9;MUÑECA BEBE CAUCASICA SD 32 CM
33105;10.45;20.9;MUÑECO BEBE CAUCASICO SD 32 CM
33106;10.45;20.9;MUÑECA BEBE AFRICANA SD 32 CM
33107;10.45;20.9;MUÑECO BEBE AFRICANO SD 32 CM
33500;7.45;14.9;DISCAPACIDAD VISUAL
33501;7.45;14.9;DISCAPACIDAD MOTORA
33502;13.95;27.9;DISCAPACIDAD VISUAL/MOTORA
35270;22.95;45.9;SET 6 PUZZLES: EMOCIONES
35271;16.45;32.9;SET 4 PUZZLES: INCLUSION
35272;15.95;31.9;SET 4 PUZZLES: LOS ABUELOS
35520;24.95;49.9;SET 4 PUZZLES: NIÑOS DEL MUNDO
36203;20.95;41.9;SET 4 PUZZLES: LOS COLORES UV
36204;14.95;29.9;SET 3 PUZZLES PROG: PLANTAS UV
36205;20.95;41.9;SET 4 PUZZL: LAS ESTACIONES UV
36206;20.95;41.9;SET 4 PUZZL: HÁBITOS DIARIO UV
36208;20.95;41.9;SET 4 PUZZL:OCIO CON AMIGOS UV
36209;18.95;37.9;FLEXI  WILD  MAXIPUZZLE UV
36210;14.95;29.9;SET 3 PUZZLES PRO:ANIMALES UV
36231;17.45;34.9;FLEXI WORLD KIDS UV
36250;6.95;13.9;PRE-WRITING BASICS PATTERNS
36251;10.95;21.9;DUOS LOS OPUESTOS
45150;24.95;49.9;SUPER VOLQUETE
45151;44.95;89.9;MONSTER TRUCK
45152;24.95;49.9;SUPER TRACTOR
45154;9.45;18.9;VOLQUETE
45304;6.95;13.9;ANIMAL LACING
45308;12.45;24.9;EURO SHOPPING
45309;10.95;21.9;ABACOLOR MAXI
45310;6.75;13.5;ABACOLOR SHAPES 50 PCS
45311;8.95;17.9;ACTIVITY CLOCK
45312;8.95;17.9;LETRAS MAGN. MAYÚSCULAS 76 PCS
45316;9.95;19.9;PEGS 10 MM 180 PCS. BRIGHT C.
45317;9.95;19.9;PEGS 15 MM 150 PCS. BRIGHT C.
45318;9.95;19.9;PEGS 20 MM 90 PCS. BRIGHT C.
45319;9.95;19.9;SUPERPEGS 32 PCS BRIGHT C.
45340;11.95;23.9;SORT & COUNT VEHICLES
45402;9.95;19.9;EMOTIONS DETECTIVE
45404;9.95;19.9;DIVERSITY HOTEL
45414;4.95;9.9;Emotiduos
45415;13.95;27.9;Me pongo en tu lugar
45416;11.45;22.9;Escapa de Monstruolandia
45417;7.45;14.9;ES MI CUERPO, YO DECIDO
45418;10.95;21.9;SUPERHEROES DEL PATIO
45500;9.95;19.9;Monster mix
45501;9.95;19.9;Catch the bug!
45503;9.975;19.95;Clickies
45504;8.475;16.95;Topo Top
46000;9.95;19.9;3D SHAPES & SHADOWS FSC 100%
46020;7.45;14.9;SOFT ANIMAL BLOCKS
46021;7.45;14.9;SOFT TOWERING BLOCKS
46061;6.45;12.9;PEGY BRICKS: ALL ON BOARD
46062;6.45;12.9;PEGY BRICKS: WILD FRIENDS
46063;6.45;12.9;PEGY BRICKS: WINDY MILL
46064;6.45;12.9;PEGY BRICKS: VROOM RIDE
46080;47.4;94.8;DISPLAY FLEXIHETTI
46081;3.95;7.9;FLEXIHETTI: STAR
46082;3.95;7.9;FLEXIHETTI: DINO
46083;3.95;7.9;FLEXIHETTI: FLOWER
46091;4.95;9.9;ACTIVITY FLEXHETTI
46100;74.95;149.9;DISPLAY ELECTROFUN
46101;6.45;12.9;ELECTROFUN: MUSIC KEYBOARD
46102;6.45;12.9;ELECTROFUN: RING A BELL
46103;6.45;12.9;ELECTROFUN: LET'S PARTY
46104;6.45;12.9;ELECTROFUN: TUNE IN RADIO
46105;14.95;29.9;CIRCUIT GENIUS
66110;1.1;2.2;CONTENEDOR 1,0 L.
66120;1.45;2.9;CONTENEDOR 2,0 L.
66140;4.25;8.5;CONTENEDOR 9,O L.
75001;14.95;29.9;SENSORIAL REEF
75004;12.45;24.9;MONSTER TELLING
75005;14.95;29.9;MYSTERY CASTLE
75012;19.95;39.9;AMAZING INSIDE
75013;9.95;19.9;SAND FOX
85392;1.95;3.9;BABERO MINT
94013;27.95;55.9;INTERSTAR RINGS 48 PCS
94039;30.95;61.9;INTERSTAR BLOCKS 100 PCS
94043;22.45;44.9;PEGY BRICKS 100 PCS
94050;24.95;49.9;STACKING CASTLE  FSC 100%
94051;14.95;29.9;TOWERING BEADS FSC 100%
94052;19.95;39.9;ECO:PIEDRAS APILABLES FSC 100%
94060;14.95;29.9;SET ALIMENTACIO MADERA FSC100%
94061;14.95;29.9;SET HIGIENE MADERA  FSC 100%
94062;17.95;35.9;SET TE MADERA MUÑECOS FSC100%
94063;17.95;35.9;SET MEDICO MADERA FSC 100%
94064;17.95;35.9;SET BELLEZA MADERA FSC 100%
94105;34.9;69.8;MAGNETICS 36 PCS
94116;19.45;38.9;MARBLE RUN 60 PCS.
94120;21.45;42.9;PENTAGRAM BOARD & NOTES
95002;44.0;88.0;JUNIOR ENGINEER 79 PCS
95003;44.0;88.0;JUNIOR ENGINEER GEARS 62 PCS
95007;4.95;9.9;MAGNETIC TANGRAM
95008;2.95;5.9;MAGNETIC TAPE
95010;2.95;5.9;LAMINA A4 MAGN. ADH,
95020;9.95;19.9;MOSAIC ART 3D
95022;11.45;22.9;SUPERPEGS 128 PCS. BRIGHT C.
95023;6.95;13.9;SUPERPEGS 6 LAMINAS
95024;10.45;20.9;SUPERPEGS 2 PLACAS
95030;17.45;34.9;BALANZA NUMERICA
95031;39.95;79.9;BALANZA SOLIDOS Y LIQUIDOS
95032;15.95;31.9;PESAS PLASTICO
95040;17.45;34.9;Shape makers
95042;19.95;39.9;ACTIVITY LOGICAL BLOCKS
95050;30.95;61.9;ACTIVITY BASE 10
95053;22.95;45.9;ACTIVITY ABACUS MULTIBASE
95061;18.45;36.9;SET 6 GEOPLANOS 15 CM COLOR
95063;28.45;56.9;SET 6 GEOPLANOS 23 CM TRANS
95064;24.95;49.9;ACTIVITY REGLETAS
95072;19.95;39.9;SUPERPEGS 240 PCS. PRIMARY C.
95076;5.45;10.9;SUPERPEGS PACK 12MOD PRIMARY C
95080;14.95;29.9;SUPERPEGS 64 PCS. PRIMARY C.
95084;11.45;22.9;PVP 14,95 ABACO SOROBAN
95100;29.95;59.9;A4 LIGHTPAD
95101;39.95;79.9;A3 LIGHTPAD
95102;89.0;178.0;A2 LIGHTPAD
95151;9.95;12.870324999999998;ACTIVITY BASE 10 ESTUCHE
95165;7.45;7.215325000000001;ACTIVITY REGLETAS  BOTE
95203;20.95;41.9;ACTIVITY CUBES
95210;10.95;21.9;CUBOS 2 CM 100 PCS
95211;23.95;47.9;CUBOS 1 CM 1000 PCS
95213;7.45;14.9;JARRAS DE MEDIDA
95218;11.45;22.9;SET FRACCIONES
95219;17.45;34.9;SET 5 PENTOMINOS
95229;2.4;4.8;SET PASTA BLANDA 14 CM
95238;29.95;59.9;SET VOLUMEN 15 PCS
95251;5.95;11.9;SET PASTA BLANDA 22CM
95268;6.45;12.9;SET NÚMEROS PARA COSER 40 PCS
95270;8.95;17.9;ABACOLOR SHAPES 100 PCS
95277;7.45;14.9;SET 4 ABACOS  3 VASTAGOS
96285;12.45;24.9;GIANTTE  MOOGY
96317;14.95;29.9;ABROCHES DIVERSITY EUROPEO
96318;14.95;29.9;ABROCHES DIVERSITY AFRICANA
96319;14.95;29.9;ABROCHES DIVERSITY ASIATICA
96320;14.95;29.9;ABROCHES DIVERSITY LATINOAMERI
97003;27.45;54.9;BRICO KIT
97006;12.45;24.9;MINI BEAUTY
97012;12.45;24.9;Set médico
97020;19.95;39.9;DOLL STROLLER
97030;18.45;36.9;DICTATE & SHAPE
97096;8.95;17.9;MINIMOBIL TRAFFIC BOX
97098;9.95;19.9;FOREST & JUNGLE  BOX
97099;14.95;29.9;MARKET BOX
97211;8.95;17.9;GIANTTE
97217;19.95;39.9;ANIMATCH 31 PCS
97272;16.45;32.9;ACTIROLLER
97282;17.95;35.9;TOBOGGAN BALL
97285;7.45;14.9;BABY RAIN ROLLER
97290;4.95;9.9;MOLDES CEDAZOS ANIMALITOS 6UDS
97311;8.45;16.9;FIRST SENSES: CUPS
97313;11.45;22.9;FIRST SENSES: 6 CUBES SET
97314;19.95;39.9;SENSORY BALLS
97315;24.95;49.9;BIG SENSORY BALLS
97320;11.45;22.9;FTL:SET CUBOS SONAJERO BLANDIT
97321;5.95;11.9;FTL:SONAJERO ARAÑA
97330;7.45;14.9;FTL:RODILLO ANILLOS APILABLES
97331;14.95;29.9;FTL: RODILLO PARA  EL GATEO
97332;12.45;24.9;FTL: SET 3 ESPEJOS
97340;6.45;12.9;STACKING CUPS 0-3
97341;6.45;12.9;FTL:CUBO &FORMAS ENCAJABL TURQ
97342;6.45;12.9;FTL:CUBO &FORMAS ENCAJABL SALM
97343;9.95;19.9;FTL:LAGARTO SENSORIAL TRANSLUC
97344;14.95;29.9;FTL:ARBOL SENSORIAL ENCAJABLE
97345;14.95;29.055325;FTL: CACTUS SENSORIAL
97350;9.95;19.9;FTL:TRONCOS DE CLASIFICIACION
97911;14.45;28.9;LETRAS MAGN MAYUSC 154 PCS
97912;26.45;52.9;LETRAS MAGN. MAYUSC 308 PCS
97913;14.45;28.9;LETRAS MAGN. MINUSC 154  PCS
97915;14.95;29.9;NUMEROS MAGNETICOS 162 PCS
97928;24.95;49.9;SUPER BOARD 2 CARAS METALICAS
97932;14.95;29.9;TABLEMARK JUMBO
97936;12.45;24.9;Tablemark
97937;3.95;7.9;PIZARRA 2 CARAS
97938;12.45;24.9;SET 4 PIZARRAS 2 CARAS
99020;74.0;148.0;SET ANATOMIA 11 PCS
99025;3.45;6.9;LUPA 80 MM. 2X- 6X
99101;22.45;44.9;ELECTROKIT 88 EXPERIMENTS
99116;24.95;49.9;ELECTROKIT 198 EXPERIMENTS
97316;5.95;11.9;6 CUBOS APILABLES DE GOMA
97360;9.95;19.9;PACK REGALO OCEANO
97361;5.95;11.9;DOU DOU OCEANO
97362;4.95;9.9;SONAJERO OCEANO
97363;6.95;13.9;JUGUETE CUNA OCEANO
97370;9.95;19.9;PACK REGALO CIERVO
97371;5.95;11.9;DOU DOU CIERVO
97372;4.95;9.9;SONAJERO CIERVO
97373;6.95;13.9;JUGUETE CUNA CIERVO
97374;9.95;19.9;APILABLE Y SONAJERO CIERVO
97380;9.95;19.9;PACK REGALO KOALA
97381;5.95;11.9;DOU DOU KOALA
97382;4.95;9.9;SONAJERO KOALA
97383;6.95;13.9;JUGUETE CUNA KOALA
97384;9.95;19.9;PELUCHE KOALA
97385;3.45;6.9;SET DE TARJETAS MARINAS
97386;6.45;12.9;LIBRO MARINO SUAVE DE CUNA
97387;6.95;13.9;LIBRO MARINO SUAVE
97052;12.45;24.9;SET DE JARDINERÍA FSC 100%
97053;4.95;9.9;SET HERRAMIENTAS JARDI FSC100%
97054;5.45;10.9;REGADERA DE JARDINERÍA
97056;9.95;19.9;SET DE ARQUEOLOGIA FSC 100%
97057;9.95;19.9;SET INSECTOS FSC 100%
99034;4.45;8.9;JELLY GLOOP: DINO WORLD
99035;4.45;8.9;JELLY GLOOP: WONDERLAND
99036;7.45;14.9;JELLY GLOOP: UNIVERSE
99130;19.95;39.9;QUICK SCIENCE DISPLAY
99131;2.95;5.9;QUICK SCIENCE: SLIMY MATTERS
99132;2.95;5.9;QUICK SCIENCE: SNOW & FLOW
99135;9.95;19.9;GLOW WONDERS
99136;9.95;19.9;NATURE EXPLORERS
99137;9.95;19.9;DISCOVERY PHYSICS
94049;9.45;18.9;CONSTRUCCION FLEXIBLE: COCHE
94048;4.45;8.9;CONSTRUCCION FLEXIBLE: HELICOP
94046;4.45;8.9;CONSTRUCCION FLEXIBLE: EXCAVAD
94047;4.45;8.9;CONSTRUCCION FLEXIBLE: MOTO
94045;49.9;99.8;DISPLAY CONSTRUCCION FLEXIBLES
94123;7.45;14.9;MAGNETICS 34 PCS
89780;13.45;26.9;MUÑECO TRAPO NIÑO
89781;13.45;26.9;MUÑECO TRAPO NIÑA
89722;5.95;11.9;SOFT DUO RATTLE
89723;4.45;8.9;FOXY RATTLE
89724;4.45;8.9;ZEBRA RATTLE
89725;4.95;9.9;CHICK BELL
BANANA PANDA;0;0;
49044;12.95;25.95;Make-a-Match Puzzle Fire Truck 2+
49113;12.95;25.95;Make-a-Match Puzzle Number Train 3+
49112;11.5;23.0;Observation Puzzle Dinosaurs 4+
33666;11.5;23.0;Observation Puzzle Space 4+
49217;11.95;23.95;Puzzlove Animals of the World 4+
49257;11.95;23.95;Puzzlove Dinosaurs (200 pcs) 7+
49350;8.45;16.95;Banana Panda Puzzle + Home 2+,3+
49351;8.45;16.95;Banana Panda Puzzle + Garden 3+,4+
49352;8.45;16.95;Banana Panda Puzzle + Transport 4+
49208;7.95;15.95;Progressive Puzzles Farm Animals 18m+
49205;7.95;15.95;Progressive Puzzles Vehicles 2+
49287;7.95;15.95;I Love Dogs Puzzle  3+ 
49288;7.95;15.95;I Love Cats Puzzle 3+
49264;7.95;15.95;I Love Unicorns Puzzle 4+
49342;7.45;14.95;Banana Panda My First Puzzles Food 12m+
49343;7.45;14.95;Banana Panda My First Puzzles Happy Pairs 15m+
49345;7.45;14.95;Banana Panda My First Puzzles Baby Animals 2+
49099;4.95;9.99;On-the-Go Puzzle Discovering Shapes 18m+
49105;4.95;9.99;On-the-Go Puzzle Halves Faces 15m+
49100;4.95;9.99;On-the-Go Memory Game Vehicles 2+
76276;7.95;15.95;High Contrast Baby Cards 0m+ 3m+
76277;7.95;15.95;High Contrast Baby Cards 6m+ 9m+
77376;11.95;22.95;High Contrast Baby Pack 0+/3m+/6m+
49438;7.45;14.95;My First Puzzles Animals 
49346;12.95;25.95;First Jumbo Puzzle Mommy & Me 18m+